week,revenue,spend_paid_search,spend_paid_social,spend_tv,spend_display,spend_video,price,promo,is_simulated
2024-01-01,2711911.7790573323,25915.8606500191,27413.41082772802,0.0,8225.816117297127,25858.73147524902,3.484081118253432,0.0,True
2024-01-08,2750622.0609359527,27625.798206396594,30284.512845237783,0.0,6255.390287836932,38358.56369230156,3.4915376807505356,0.0,True
2024-01-15,2595523.9158258066,22941.09040884932,37886.08859190697,0.0,7191.346067376148,11243.534877021637,3.526520159058095,0.0,True
2024-01-22,2756098.2884230195,21786.80807037446,22561.39938782751,0.0,6921.853236043336,10944.393385636415,3.4638018242173034,0.0,True
2024-01-29,2455879.742519841,17740.97398879442,18234.768979666645,0.0,8225.462208598674,13969.088577222179,3.492044454064252,0.0,True
2024-02-05,2455583.8290300914,29073.239975184973,22862.611208226273,0.0,7882.373254998896,10665.796650269629,3.486903756355502,0.0,True
2024-02-12,2549865.6203686753,25513.58924494906,18504.522622920103,128320.08765358251,7833.315152187779,10779.4487738164,3.5066469224754795,0.0,True
2024-02-19,2836175.569402846,26312.693886965164,16662.364683819473,123986.69046635239,10730.114118939047,13819.207966918735,3.5752380678021853,0.0,True
2024-02-26,2859554.507991927,22590.995674218444,12663.684917713235,147033.4936101552,8867.923385420618,15095.601947683197,3.4515486006613316,0.0,True
2024-03-04,4146581.127396652,30398.55053528755,18095.597480629767,128208.70671717417,8692.77774458041,12159.673216415296,2.9878362117522563,1.0,True
2024-03-11,4051834.731838628,29393.11223128134,17766.205830111336,130234.80707350344,9755.678487650563,13601.446081913307,3.0531693019655877,1.0,True
2024-03-18,4287742.887705495,25353.084739087055,16331.959959759562,132483.60547383176,10979.649858564675,8595.656370213264,2.962988678410711,1.0,True
2024-03-25,3963692.8433847576,23740.470466049635,25001.117244152276,0.0,10237.19243332037,11756.356628677078,3.038196064341828,1.0,True
2024-04-01,3760626.875915431,24585.241194861756,23761.942412862103,0.0,6311.926403992118,13072.616933063653,2.992309981656686,1.0,True
2024-04-08,3587484.9351857975,22929.370692975685,25985.558010285677,0.0,8845.007251491681,9976.679664362175,3.0207437074908694,1.0,True
2024-04-15,2395488.3501700936,26229.09825983637,28032.85886580229,0.0,9238.139550541395,13546.905484505687,3.5095336968057476,0.0,True
2024-04-22,2460577.739715085,23778.46086157685,24389.09777395249,0.0,9541.909433794197,12677.109841130412,3.501063663474346,0.0,True
2024-04-29,2423407.08485588,28582.76945908632,14402.990452529693,0.0,7774.238197381394,12686.120137414062,3.4588539252135275,0.0,True
2024-05-06,2485440.3786439267,24929.20045866132,14736.58966253021,0.0,8115.186669960348,14844.042610303282,3.484793298282679,0.0,True
2024-05-13,2410518.3377137254,25022.002687810367,15629.094060395377,0.0,6582.16335439245,15037.215476972036,3.5138630574812972,0.0,True
2024-05-20,2466377.7974682897,32610.58069170292,17753.799491442012,0.0,7410.324043879814,9083.168065716656,3.476516391829199,0.0,True
2024-05-27,2525536.839949213,23682.10055322687,15920.547317987553,0.0,6133.744841952717,10427.398470097565,3.4520753444998893,0.0,True
2024-06-03,3543608.5224429457,20382.256237938007,20447.432424793446,0.0,10038.410324956101,13292.032246172392,2.9606279972390563,1.0,True
2024-06-10,3426006.473438476,28193.065152563355,11821.63662397902,0.0,7168.846494283597,11277.416860663912,3.0322606282438285,1.0,True
2024-06-17,3324163.982658211,18446.96858413432,18884.49154858502,0.0,6507.707163034746,16776.333865517336,3.0377079196067616,1.0,True
2024-06-24,2652200.507329213,27940.776375672434,19705.11530133437,0.0,8472.540213482827,14654.061838175869,3.4648922845134575,0.0,True
2024-07-01,2698591.3711057366,30918.603673601006,31120.37827489889,0.0,8170.850059800864,10030.418541947696,3.489225482529886,0.0,True
2024-07-08,2687247.50514435,27309.228805919483,43703.446167206406,0.0,6901.9889586602285,10185.55149695072,3.5333194440186,0.0,True
2024-07-15,2810082.5869693533,27137.703177014082,31013.09863727203,112977.16125467503,8602.627819719617,8962.934195147402,3.5001990576748274,0.0,True
2024-07-22,3147681.5647049984,18816.203627892755,24970.079688329315,136728.77890979542,6998.094934637855,12891.381341454635,3.4923036046751315,0.0,True
2024-07-29,3074555.953729894,29519.803814721556,20773.245101266933,115629.99283404455,8815.949972625209,10547.34530138598,3.5115370904083036,0.0,True
2024-08-05,3443475.162345131,28949.30416000205,14163.844614966576,132381.03048415706,7956.790703384626,10377.937713354697,3.451303724474385,0.0,True
2024-08-12,3238427.256963437,22583.089213080802,19534.57135168744,120568.8006344141,8347.83975205151,8963.181388082752,3.4660962412296357,0.0,True
2024-08-19,3276237.2532802243,35359.65494208841,19950.359033713583,145577.70185560462,7390.306338801759,14135.315548792925,3.516699527306788,0.0,True
2024-08-26,2994170.1691835094,22491.75305044102,17382.880252818424,0.0,6928.884110069755,10207.305182468333,3.49702498705407,0.0,True
2024-09-02,2787035.366662617,20666.440563634562,19515.43051519888,0.0,8408.108917598305,9826.007410173701,3.506133612788553,0.0,True
2024-09-09,2671065.34500595,20175.05496602119,18099.667369525447,0.0,5486.133140929616,7472.459494106429,3.4931924691493523,0.0,True
2024-09-16,2812199.72426984,27883.201292626367,15708.36220092559,0.0,10215.584158590997,12971.412886657303,3.4449518426365766,0.0,True
2024-09-23,2551886.7583626444,29261.4571474895,17323.870399466203,0.0,7270.894564938134,12553.045008878893,3.5047922825250746,0.0,True
2024-09-30,2614711.353977854,29772.129469427484,33404.89415566648,0.0,11322.684102860414,13754.966145990988,3.5353271929221006,0.0,True
2024-10-07,3762292.142508254,26583.08809149495,42712.768161183085,0.0,9074.875233720388,15445.219975854716,3.005446224368836,1.0,True
2024-10-14,3673861.7890735334,24652.622313451477,27610.08207280827,0.0,7851.2359729414175,12497.12101841857,3.011924112725131,1.0,True
2024-10-21,3927837.3381267497,31708.57344752895,25616.39847395852,0.0,7035.368669511184,11173.564530179641,2.9619560051840144,1.0,True
2024-10-28,3688286.601664344,24424.847869644058,15038.749877480972,0.0,8830.736914798157,22822.5827366547,2.982544740756202,1.0,True
2024-11-04,3964903.516389954,23164.228325615615,16490.82874589887,130492.69579766475,8740.440123074735,34323.449091363844,2.976430594368073,1.0,True
2024-11-11,4338003.852411691,34339.34980976799,16424.534420818625,155102.29041592867,8689.812188239282,35969.01701133864,2.974899388952285,1.0,True
2024-11-18,3415108.0396436523,29207.786410999604,14688.421043100423,100957.97908279218,9343.374436413807,35327.200765516274,3.4683987188182637,0.0,True
2024-11-25,3390957.6814798154,30541.531639904166,17565.5461722713,147840.40093165985,8193.213040170369,20513.913376055756,3.510701141751442,0.0,True
2024-12-02,3873736.4201387167,31284.856622924923,20446.51279296723,141179.88776390787,9832.061500651438,41902.27434356913,3.5093182409300714,0.0,True
2024-12-09,3847980.4580380237,26215.55768491669,19283.983057708523,133802.9293962269,6772.555489711382,37774.22792658283,3.5195294334616984,0.0,True
2024-12-16,3668706.280505623,26452.03009786844,16394.878022630146,0.0,7674.498578425586,30979.92823704059,3.5529400023153763,0.0,True
2024-12-23,3584094.03788284,31594.715052155087,26365.004068603223,0.0,8991.22484092836,31690.517772063027,3.496134468276728,0.0,True
2024-12-30,3202396.324251131,26224.64944449013,30077.34890688881,0.0,6751.95025283753,20695.93260541217,3.506377524283881,0.0,True
2025-01-06,3456378.3256837293,30435.4299301914,42875.79156288132,0.0,8069.438213873545,35771.37850304382,3.4963431848610296,0.0,True
2025-01-13,3048694.3545125136,28660.179998115815,25183.928061433184,0.0,10455.988027235957,11175.614647724391,3.433731363123863,0.0,True
2025-01-20,2847938.1953315223,23907.526315168187,35432.21217851418,0.0,8169.127026564081,9287.008563847807,3.4530754312409786,0.0,True
2025-01-27,2739223.0916092405,33432.79156792573,17981.76014241649,0.0,7248.7691280714325,16738.157705232206,3.506427628252149,0.0,True
2025-02-03,2751515.630537699,23613.089337930633,14600.947697290108,0.0,9807.002716550074,15707.697704617025,3.4747437628828215,0.0,True
2025-02-10,2868618.3308757376,30375.621564542318,14915.503000792587,158693.75842085519,6182.437901632603,13737.302176934252,3.488285745527336,0.0,True
2025-02-17,3229282.1802334664,29720.653627354823,20315.933792337717,111435.19597511529,7469.468894086864,11949.344223104228,3.440352301963405,0.0,True
2025-02-24,3250667.99455331,35104.75463652564,20242.646159939144,132763.57664109085,9705.365620688974,9020.93912463838,3.5001023569255154,0.0,True
2025-03-03,4442312.299487716,24608.062602232687,19993.822992167596,146213.80153510094,6767.905287873478,11953.922723354015,2.9811832166914707,1.0,True
2025-03-10,4407506.831238132,27234.132669796014,19444.967663157204,137893.56799532406,8412.456147889769,13127.673314942376,2.9956334740246175,1.0,True
2025-03-17,4521816.434867757,29277.75819334255,14773.690050121933,125079.0900204113,7888.2468036417995,11740.031094950842,2.995796936565388,1.0,True
2025-03-24,4352763.582870999,30608.3863737694,21240.916741466808,0.0,10507.778971868924,11915.365764614362,2.9414583211473806,1.0,True
2025-03-31,3840513.1380248796,33766.77357537483,18929.10117024708,0.0,5724.982527130379,12448.071634936186,3.0230006542351386,1.0,True
2025-04-07,4073075.1640139404,31347.610369263875,29242.935291847632,0.0,7133.663574956345,9255.272400712842,2.9521901221906375,1.0,True
2025-04-14,2730125.0500643468,30136.96584712807,34653.114969919894,0.0,7480.082938246218,13969.561696142055,3.479614507592775,0.0,True
2025-04-21,2731179.069228956,34742.94512118765,17406.75905767435,0.0,8598.03506369077,14417.027874011053,3.473919190033582,0.0,True
2025-04-28,2619076.712595513,39662.30761019705,25164.846288268862,0.0,8883.105320884937,10967.560675612327,3.5260913275540133,0.0,True
2025-05-05,2619499.1809525415,24099.305123713522,21243.973960575906,0.0,8677.492970293291,10333.549765805234,3.493839876361461,0.0,True
2025-05-12,2587568.1913026953,30298.86021397914,14735.105363566565,0.0,10270.621622480425,17089.994453920688,3.5236479648940255,0.0,True
2025-05-19,2663033.0010850644,33863.95792569497,19790.030002184092,0.0,9075.158438883593,14739.013499604464,3.497194459993989,0.0,True
2025-05-26,2644075.5695763896,30866.951115857762,19337.874326661335,0.0,5950.559294590452,6432.115173623453,3.4892448583198368,0.0,True
2025-06-02,3876364.3124579103,37124.22756751118,17465.331579566857,0.0,5687.876342292993,11754.893485965693,2.965962540383092,1.0,True
2025-06-09,4025802.769925655,29089.89547037705,19434.649621497076,0.0,7140.029529127252,9552.036351546418,2.9759879914015177,1.0,True
2025-06-16,3963190.3107612496,26030.513056733915,17141.577957613394,0.0,7159.001558732484,9811.761652848372,2.9911907342367736,1.0,True
2025-06-23,2856083.0381290833,34793.495156819234,21705.020915825888,0.0,7301.161999034604,10344.337822794185,3.499069746189635,0.0,True
2025-06-30,2970259.745015554,18018.406823470687,31659.43809406604,0.0,9677.923853124483,12102.995234396332,3.467657187027301,0.0,True
2025-07-07,2781034.279089064,28718.073879526408,36272.41916614137,0.0,6990.059721329298,11683.43588978747,3.5392348061108487,0.0,True
2025-07-14,3199987.6199022825,42002.270181904125,33181.39162384736,138423.36784185955,9774.557817564224,8892.464685231538,3.5006276524109734,0.0,True
2025-07-21,3313982.9637879943,31197.32792957165,25742.86191369729,124602.11857463903,9837.915983798926,9392.952644437142,3.451389987724425,0.0,True
2025-07-28,3248029.55563712,32821.65338856272,21322.93516275685,125570.28777905459,8049.882659051015,7055.564241565255,3.542009982546363,0.0,True
2025-08-04,3609248.990888247,26767.915032725246,20060.505042529312,121393.74065672526,7166.059331508069,11783.12534143745,3.4312983462190387,0.0,True
2025-08-11,3407192.95030249,31191.13769145265,14742.957810295024,143705.3777565618,10060.913605851172,12644.15588762628,3.5038858233796617,0.0,True
2025-08-18,3781181.678770596,30705.776699987127,15909.447636043731,134057.85181562946,6646.8726480987225,14066.73092631212,3.471114483815201,0.0,True
2025-08-25,3461336.1294986187,40216.70212762875,21909.722025073108,0.0,8766.282892709163,14354.730796193413,3.545023889420217,0.0,True
2025-09-01,2833131.369775971,26748.573122333986,22188.140967597104,0.0,8436.091712779295,12236.349627721573,3.5192643337762433,0.0,True
2025-09-08,2989350.767953558,18509.24031670208,19478.28560612379,0.0,10075.99511934063,11030.740822285385,3.4494314208260457,0.0,True
2025-09-15,2703141.806897276,33607.101153573836,17255.518522011676,0.0,8574.167954815546,17136.558526533896,3.5252078195529983,0.0,True
2025-09-22,2947778.595146891,39131.950292944355,24637.548414824305,0.0,8033.841187252248,9776.15271250952,3.41968115566636,0.0,True
2025-09-29,2748953.0810332024,28537.482806665026,32465.865326045412,0.0,9688.271741391807,8743.6830713101,3.519258737574862,0.0,True
2025-10-06,3640906.6750677237,23174.41184982907,26152.977574378998,0.0,7391.856044625595,10891.989266709836,2.9887394481263825,1.0,True
2025-10-13,3972781.877973665,26829.478213934082,32106.350126965546,0.0,8899.843387451623,12466.948400754698,2.9628824932578053,1.0,True
2025-10-20,3997016.113639477,34134.386046029234,19419.551349079604,0.0,8212.37959608178,15240.127482392194,3.0194533769053415,1.0,True
2025-10-27,3972481.736151456,29415.616229813895,17401.75685846569,0.0,8055.7786891401565,30421.542657481445,3.013301104475446,1.0,True
2025-11-03,4503736.296226981,32404.681363642227,18085.23513493989,162713.6798998291,5628.103356350765,22709.408840276425,2.995896381325524,1.0,True
2025-11-10,4572773.278028312,20861.672903421008,22644.989762735986,141010.3077611199,7993.325095015452,38527.223483799855,2.998682749939514,1.0,True
2025-11-17,3746426.892324516,29824.938365222595,12285.462843326492,110715.6217896639,6382.6544963362,30564.35859655485,3.504227810915812,0.0,True
2025-11-24,3843462.6126515013,36258.92998651365,17037.70152919982,140433.32222271094,8848.000162366734,26416.16994391436,3.4777889084283786,0.0,True
2025-12-01,3796147.6003987286,31209.780757693476,19842.718365202276,115845.55210545078,11791.602642883214,27466.337620162336,3.5097057137325978,0.0,True
2025-12-08,4212260.251804333,27571.27342166453,19801.893559184908,126409.78003309948,7638.278297908536,34480.00686764528,3.425161126342853,0.0,True
2025-12-15,4211887.887474729,37801.825524269916,20318.000312942157,0.0,9466.263610898015,21721.434667119865,3.372097126883346,0.0,True
2025-12-22,3761016.4089614404,37569.83065318605,18681.166610478856,0.0,9613.923605406768,43508.42523282793,3.5063206120811983,0.0,True
